COMPOUND_1,COMPOUND_2,SYNERGY(Yes/No)
3-Methyladenine,Alvespimycin hydrochloride,No
3-Methyladenine,Amodiaquin,No
3-Methyladenine,Artemether,No
3-Methyladenine,Artenimol,No
3-Methyladenine,Artesunate,Yes
3-Methyladenine,Atovaquone,No
3-Methyladenine,Azithromycin,No
3-Methyladenine,Bafilomycin A1,No
3-Methyladenine,Berberine,No
3-Methyladenine,BIX-01294,No
3-Methyladenine,Carfilzomib,No
3-Methyladenine,Chloroquine,No
3-Methyladenine,Clindamycin,No
3-Methyladenine,CUDC-907,No
3-Methyladenine,Cycloheximide,No
3-Methyladenine,Decoquinate,No
3-Methyladenine,Doxycycline,No
3-Methyladenine,Emetine,Yes
3-Methyladenine,Febrifugine,No
3-Methyladenine,Genz-669178,No
3-Methyladenine,Gramicidin,No
3-Methyladenine,GSK-2126458,No
3-Methyladenine,GSK-615,No
3-Methyladenine,Halofantrine,No
3-Methyladenine,INK-128,Yes
3-Methyladenine,KN-62,No
3-Methyladenine,Leptomycin B,No
3-Methyladenine,Lumefantrine,No
3-Methyladenine,Mefloquine,No
3-Methyladenine,Methotrexate,No
3-Methyladenine,Methylene blue,No
3-Methyladenine,Methylrosaniline chloride,No
3-Methyladenine,Midostaurin,No
3-Methyladenine,ML238,No
3-Methyladenine,Monensin sodium salt,No
3-Methyladenine,Nanchangmycin,No
3-Methyladenine,Nilotinib,No
3-Methyladenine,NITD609,No
3-Methyladenine,NVP-AUY922,No
3-Methyladenine,NVP-BGT226,No
3-Methyladenine,Panobinostat,No
3-Methyladenine,PD-173955,No
3-Methyladenine,PIK-93,No
3-Methyladenine,Piperaquine,No
3-Methyladenine,Proguanil,No
3-Methyladenine,Pyronaridine,No
3-Methyladenine,Quinidine,No
3-Methyladenine,Quisinostat,No
3-Methyladenine,Rifampicin,No
3-Methyladenine,Sulfadoxine,No
3-Methyladenine,Tafenoquine,No
3-Methyladenine,Torin-1,No
3-Methyladenine,Trichostatin A,No
3-Methyladenine,WAY-600,No
3-Methyladenine,ZSTK-474,No
Alvespimycin hydrochloride,Amodiaquin,No
Alvespimycin hydrochloride,Artemether,No
Alvespimycin hydrochloride,Artenimol,Yes
Alvespimycin hydrochloride,Artesunate,Yes
Alvespimycin hydrochloride,Atovaquone,No
Alvespimycin hydrochloride,Azithromycin,No
Alvespimycin hydrochloride,Bafilomycin A1,No
Alvespimycin hydrochloride,Berberine,No
Alvespimycin hydrochloride,BIX-01294,No
Alvespimycin hydrochloride,Carfilzomib,No
Alvespimycin hydrochloride,Chloroquine,No
Alvespimycin hydrochloride,Clindamycin,Yes
Alvespimycin hydrochloride,CUDC-907,No
Alvespimycin hydrochloride,Cycloheximide,No
Alvespimycin hydrochloride,Decoquinate,No
Alvespimycin hydrochloride,Doxycycline,No
Alvespimycin hydrochloride,Emetine,No
Alvespimycin hydrochloride,Febrifugine,No
Alvespimycin hydrochloride,Genz-669178,No
Alvespimycin hydrochloride,Gramicidin,Yes
Alvespimycin hydrochloride,GSK-2126458,No
Alvespimycin hydrochloride,GSK-615,No
Alvespimycin hydrochloride,Halofantrine,Yes
Alvespimycin hydrochloride,INK-128,Yes
Alvespimycin hydrochloride,KN-62,Yes
Alvespimycin hydrochloride,Leptomycin B,No
Alvespimycin hydrochloride,Lumefantrine,No
Alvespimycin hydrochloride,Mefloquine,Yes
Alvespimycin hydrochloride,Methotrexate,No
Alvespimycin hydrochloride,Methylene blue,No
Alvespimycin hydrochloride,Methylrosaniline chloride,No
Alvespimycin hydrochloride,Midostaurin,No
Alvespimycin hydrochloride,ML238,No
Alvespimycin hydrochloride,Monensin sodium salt,No
Alvespimycin hydrochloride,Nanchangmycin,No
Alvespimycin hydrochloride,Nilotinib,No
Alvespimycin hydrochloride,NITD609,No
Alvespimycin hydrochloride,NVP-AUY922,Yes
Alvespimycin hydrochloride,NVP-BGT226,Yes
Alvespimycin hydrochloride,Panobinostat,No
Alvespimycin hydrochloride,PD-173955,No
Alvespimycin hydrochloride,PIK-93,No
Alvespimycin hydrochloride,Piperaquine,No
Alvespimycin hydrochloride,Proguanil,No
Alvespimycin hydrochloride,Pyronaridine,No
Alvespimycin hydrochloride,Quinidine,No
Alvespimycin hydrochloride,Quisinostat,Yes
Alvespimycin hydrochloride,Rifampicin,No
Alvespimycin hydrochloride,Sulfadoxine,No
Alvespimycin hydrochloride,Tafenoquine,Yes
Alvespimycin hydrochloride,Torin-1,No
Alvespimycin hydrochloride,Trichostatin A,No
Alvespimycin hydrochloride,WAY-600,No
Alvespimycin hydrochloride,ZSTK-474,No
Amodiaquin,Artemether,No
Amodiaquin,Artenimol,No
Amodiaquin,Artesunate,No
Amodiaquin,Atovaquone,Yes
Amodiaquin,Azithromycin,Yes
Amodiaquin,Bafilomycin A1,No
Amodiaquin,Berberine,No
Amodiaquin,BIX-01294,Yes
Amodiaquin,Carfilzomib,No
Amodiaquin,Chloroquine,No
Amodiaquin,Clindamycin,Yes
Amodiaquin,CUDC-907,No
Amodiaquin,Cycloheximide,No
Amodiaquin,Decoquinate,Yes
Amodiaquin,Doxycycline,No
Amodiaquin,Emetine,No
Amodiaquin,Febrifugine,No
Amodiaquin,Genz-669178,Yes
Amodiaquin,Gramicidin,Yes
Amodiaquin,GSK-2126458,No
Amodiaquin,GSK-615,No
Amodiaquin,Halofantrine,No
Amodiaquin,INK-128,No
Amodiaquin,KN-62,No
Amodiaquin,Leptomycin B,No
Amodiaquin,Lumefantrine,No
Amodiaquin,Mefloquine,No
Amodiaquin,Methotrexate,No
Amodiaquin,Methylene blue,Yes
Amodiaquin,Methylrosaniline chloride,No
Amodiaquin,Midostaurin,No
Amodiaquin,ML238,No
Amodiaquin,Monensin sodium salt,No
Amodiaquin,Nanchangmycin,No
Amodiaquin,Nilotinib,No
Amodiaquin,NITD609,No
Amodiaquin,NVP-AUY922,No
Amodiaquin,NVP-BGT226,No
Amodiaquin,Panobinostat,Yes
Amodiaquin,PD-173955,No
Amodiaquin,PIK-93,No
Amodiaquin,Piperaquine,No
Amodiaquin,Proguanil,Yes
Amodiaquin,Pyronaridine,No
Amodiaquin,Quinidine,No
Amodiaquin,Quisinostat,Yes
Amodiaquin,Rifampicin,Yes
Amodiaquin,Sulfadoxine,No
Amodiaquin,Tafenoquine,No
Amodiaquin,Torin-1,No
Amodiaquin,Trichostatin A,No
Amodiaquin,WAY-600,No
Amodiaquin,ZSTK-474,No
Artemether,Artenimol,No
Artemether,Artesunate,Yes
Artemether,Atovaquone,No
Artemether,Azithromycin,No
Artemether,Bafilomycin A1,No
Artemether,Berberine,No
Artemether,BIX-01294,No
Artemether,Carfilzomib,No
Artemether,Chloroquine,No
Artemether,Clindamycin,Yes
Artemether,CUDC-907,Yes
Artemether,Cycloheximide,No
Artemether,Decoquinate,No
Artemether,Doxycycline,Yes
Artemether,Emetine,No
Artemether,Febrifugine,No
Artemether,Genz-669178,No
Artemether,Gramicidin,No
Artemether,GSK-2126458,No
Artemether,GSK-615,No
Artemether,Halofantrine,No
Artemether,INK-128,No
Artemether,KN-62,Yes
Artemether,Leptomycin B,No
Artemether,Lumefantrine,No
Artemether,Mefloquine,No
Artemether,Methotrexate,No
Artemether,Methylene blue,No
Artemether,Methylrosaniline chloride,No
Artemether,Midostaurin,No
Artemether,ML238,Yes
Artemether,Monensin sodium salt,No
Artemether,Nanchangmycin,No
Artemether,Nilotinib,No
Artemether,NITD609,No
Artemether,NVP-AUY922,No
Artemether,NVP-BGT226,No
Artemether,Panobinostat,No
Artemether,PD-173955,No
Artemether,PIK-93,Yes
Artemether,Piperaquine,No
Artemether,Proguanil,Yes
Artemether,Pyronaridine,No
Artemether,Quinidine,Yes
Artemether,Quisinostat,No
Artemether,Rifampicin,No
Artemether,Sulfadoxine,No
Artemether,Tafenoquine,Yes
Artemether,Torin-1,No
Artemether,Trichostatin A,No
Artemether,WAY-600,No
Artemether,ZSTK-474,No
Artenimol,Artesunate,Yes
Artenimol,Atovaquone,Yes
Artenimol,Azithromycin,Yes
Artenimol,Bafilomycin A1,Yes
Artenimol,Berberine,No
Artenimol,BIX-01294,No
Artenimol,Carfilzomib,No
Artenimol,Chloroquine,No
Artenimol,Clindamycin,Yes
Artenimol,CUDC-907,No
Artenimol,Cycloheximide,Yes
Artenimol,Decoquinate,No
Artenimol,Doxycycline,Yes
Artenimol,Emetine,Yes
Artenimol,Febrifugine,No
Artenimol,Genz-669178,No
Artenimol,Gramicidin,Yes
Artenimol,GSK-2126458,No
Artenimol,GSK-615,No
Artenimol,Halofantrine,Yes
Artenimol,INK-128,No
Artenimol,KN-62,Yes
Artenimol,Leptomycin B,No
Artenimol,Lumefantrine,Yes
Artenimol,Mefloquine,Yes
Artenimol,Methotrexate,No
Artenimol,Methylene blue,Yes
Artenimol,Methylrosaniline chloride,No
Artenimol,Midostaurin,Yes
Artenimol,ML238,Yes
Artenimol,Monensin sodium salt,Yes
Artenimol,Nanchangmycin,Yes
Artenimol,Nilotinib,No
Artenimol,NITD609,Yes
Artenimol,NVP-AUY922,Yes
Artenimol,NVP-BGT226,No
Artenimol,Panobinostat,No
Artenimol,PD-173955,No
Artenimol,PIK-93,No
Artenimol,Piperaquine,No
Artenimol,Proguanil,Yes
Artenimol,Pyronaridine,No
Artenimol,Quinidine,Yes
Artenimol,Quisinostat,Yes
Artenimol,Rifampicin,Yes
Artenimol,Sulfadoxine,No
Artenimol,Tafenoquine,Yes
Artenimol,Torin-1,No
Artenimol,Trichostatin A,No
Artenimol,WAY-600,No
Artenimol,ZSTK-474,Yes
Artesunate,Atovaquone,No
Artesunate,Azithromycin,No
Artesunate,Bafilomycin A1,No
Artesunate,Berberine,No
Artesunate,BIX-01294,Yes
Artesunate,Carfilzomib,Yes
Artesunate,Chloroquine,No
Artesunate,Clindamycin,Yes
Artesunate,CUDC-907,No
Artesunate,Cycloheximide,No
Artesunate,Decoquinate,No
Artesunate,Doxycycline,No
Artesunate,Emetine,No
Artesunate,Febrifugine,No
Artesunate,Genz-669178,No
Artesunate,Gramicidin,Yes
Artesunate,GSK-2126458,No
Artesunate,GSK-615,No
Artesunate,Halofantrine,Yes
Artesunate,INK-128,No
Artesunate,KN-62,No
Artesunate,Leptomycin B,No
Artesunate,Lumefantrine,Yes
Artesunate,Mefloquine,Yes
Artesunate,Methotrexate,No
Artesunate,Methylene blue,Yes
Artesunate,Methylrosaniline chloride,No
Artesunate,Midostaurin,No
Artesunate,ML238,No
Artesunate,Monensin sodium salt,No
Artesunate,Nanchangmycin,No
Artesunate,Nilotinib,No
Artesunate,NITD609,No
Artesunate,NVP-AUY922,No
Artesunate,NVP-BGT226,No
Artesunate,Panobinostat,No
Artesunate,PD-173955,No
Artesunate,PIK-93,No
Artesunate,Piperaquine,No
Artesunate,Proguanil,No
Artesunate,Pyronaridine,No
Artesunate,Quinidine,Yes
Artesunate,Quisinostat,Yes
Artesunate,Rifampicin,Yes
Artesunate,Sulfadoxine,No
Artesunate,Tafenoquine,Yes
Artesunate,Torin-1,No
Artesunate,Trichostatin A,No
Artesunate,WAY-600,No
Artesunate,ZSTK-474,No
Atovaquone,Azithromycin,Yes
Atovaquone,Bafilomycin A1,No
Atovaquone,Berberine,Yes
Atovaquone,BIX-01294,No
Atovaquone,Carfilzomib,No
Atovaquone,Chloroquine,No
Atovaquone,Clindamycin,Yes
Atovaquone,CUDC-907,No
Atovaquone,Cycloheximide,No
Atovaquone,Decoquinate,Yes
Atovaquone,Doxycycline,Yes
Atovaquone,Emetine,No
Atovaquone,Febrifugine,No
Atovaquone,Genz-669178,Yes
Atovaquone,Gramicidin,No
Atovaquone,GSK-2126458,No
Atovaquone,GSK-615,No
Atovaquone,Halofantrine,Yes
Atovaquone,INK-128,No
Atovaquone,KN-62,No
Atovaquone,Leptomycin B,No
Atovaquone,Lumefantrine,No
Atovaquone,Mefloquine,Yes
Atovaquone,Methotrexate,No
Atovaquone,Methylene blue,Yes
Atovaquone,Methylrosaniline chloride,No
Atovaquone,Midostaurin,No
Atovaquone,ML238,Yes
Atovaquone,Monensin sodium salt,Yes
Atovaquone,Nanchangmycin,Yes
Atovaquone,Nilotinib,No
Atovaquone,NITD609,Yes
Atovaquone,NVP-AUY922,Yes
Atovaquone,NVP-BGT226,No
Atovaquone,Panobinostat,Yes
Atovaquone,PD-173955,No
Atovaquone,PIK-93,No
Atovaquone,Piperaquine,Yes
Atovaquone,Proguanil,Yes
Atovaquone,Pyronaridine,No
Atovaquone,Quinidine,No
Atovaquone,Quisinostat,Yes
Atovaquone,Rifampicin,Yes
Atovaquone,Sulfadoxine,No
Atovaquone,Tafenoquine,Yes
Atovaquone,Torin-1,No
Atovaquone,Trichostatin A,No
Atovaquone,WAY-600,No
Atovaquone,ZSTK-474,No
Azithromycin,Bafilomycin A1,No
Azithromycin,Berberine,No
Azithromycin,BIX-01294,No
Azithromycin,Carfilzomib,No
Azithromycin,Chloroquine,No
Azithromycin,Clindamycin,No
Azithromycin,CUDC-907,No
Azithromycin,Cycloheximide,No
Azithromycin,Decoquinate,Yes
Azithromycin,Doxycycline,Yes
Azithromycin,Emetine,No
Azithromycin,Febrifugine,No
Azithromycin,Genz-669178,Yes
Azithromycin,Gramicidin,Yes
Azithromycin,GSK-2126458,No
Azithromycin,GSK-615,No
Azithromycin,Halofantrine,Yes
Azithromycin,INK-128,No
Azithromycin,KN-62,Yes
Azithromycin,Leptomycin B,No
Azithromycin,Lumefantrine,Yes
Azithromycin,Mefloquine,Yes
Azithromycin,Methotrexate,No
Azithromycin,Methylene blue,Yes
Azithromycin,Methylrosaniline chloride,No
Azithromycin,Midostaurin,No
Azithromycin,ML238,Yes
Azithromycin,Monensin sodium salt,Yes
Azithromycin,Nanchangmycin,No
Azithromycin,Nilotinib,No
Azithromycin,NITD609,No
Azithromycin,NVP-AUY922,No
Azithromycin,NVP-BGT226,No
Azithromycin,Panobinostat,No
Azithromycin,PD-173955,No
Azithromycin,PIK-93,No
Azithromycin,Piperaquine,No
Azithromycin,Proguanil,No
Azithromycin,Pyronaridine,No
Azithromycin,Quinidine,Yes
Azithromycin,Quisinostat,Yes
Azithromycin,Rifampicin,Yes
Azithromycin,Sulfadoxine,No
Azithromycin,Tafenoquine,Yes
Azithromycin,Torin-1,No
Azithromycin,Trichostatin A,Yes
Azithromycin,WAY-600,No
Azithromycin,ZSTK-474,No
Bafilomycin A1,Berberine,No
Bafilomycin A1,BIX-01294,No
Bafilomycin A1,Carfilzomib,No
Bafilomycin A1,Chloroquine,No
Bafilomycin A1,Clindamycin,No
Bafilomycin A1,CUDC-907,No
Bafilomycin A1,Cycloheximide,Yes
Bafilomycin A1,Decoquinate,No
Bafilomycin A1,Doxycycline,No
Bafilomycin A1,Emetine,No
Bafilomycin A1,Febrifugine,No
Bafilomycin A1,Genz-669178,No
Bafilomycin A1,Gramicidin,No
Bafilomycin A1,GSK-2126458,No
Bafilomycin A1,GSK-615,No
Bafilomycin A1,Halofantrine,No
Bafilomycin A1,INK-128,No
Bafilomycin A1,KN-62,No
Bafilomycin A1,Leptomycin B,No
Bafilomycin A1,Lumefantrine,No
Bafilomycin A1,Mefloquine,Yes
Bafilomycin A1,Methotrexate,No
Bafilomycin A1,Methylene blue,No
Bafilomycin A1,Methylrosaniline chloride,No
Bafilomycin A1,Midostaurin,No
Bafilomycin A1,ML238,Yes
Bafilomycin A1,Monensin sodium salt,No
Bafilomycin A1,Nanchangmycin,No
Bafilomycin A1,Nilotinib,No
Bafilomycin A1,NITD609,No
Bafilomycin A1,NVP-AUY922,No
Bafilomycin A1,NVP-BGT226,No
Bafilomycin A1,Panobinostat,No
Bafilomycin A1,PD-173955,No
Bafilomycin A1,PIK-93,No
Bafilomycin A1,Piperaquine,No
Bafilomycin A1,Proguanil,No
Bafilomycin A1,Pyronaridine,No
Bafilomycin A1,Quinidine,No
Bafilomycin A1,Quisinostat,No
Bafilomycin A1,Rifampicin,No
Bafilomycin A1,Sulfadoxine,No
Bafilomycin A1,Tafenoquine,No
Bafilomycin A1,Torin-1,No
Bafilomycin A1,Trichostatin A,No
Bafilomycin A1,WAY-600,No
Bafilomycin A1,ZSTK-474,No
Berberine,BIX-01294,No
Berberine,Carfilzomib,No
Berberine,Chloroquine,No
Berberine,Clindamycin,Yes
Berberine,CUDC-907,No
Berberine,Cycloheximide,No
Berberine,Decoquinate,Yes
Berberine,Doxycycline,No
Berberine,Emetine,No
Berberine,Febrifugine,No
Berberine,Genz-669178,Yes
Berberine,Gramicidin,No
Berberine,GSK-2126458,No
Berberine,GSK-615,No
Berberine,Halofantrine,Yes
Berberine,INK-128,No
Berberine,KN-62,No
Berberine,Leptomycin B,No
Berberine,Lumefantrine,No
Berberine,Mefloquine,No
Berberine,Methotrexate,No
Berberine,Methylene blue,Yes
Berberine,Methylrosaniline chloride,No
Berberine,Midostaurin,No
Berberine,ML238,Yes
Berberine,Monensin sodium salt,No
Berberine,Nanchangmycin,No
Berberine,Nilotinib,No
Berberine,NITD609,No
Berberine,NVP-AUY922,No
Berberine,NVP-BGT226,No
Berberine,Panobinostat,No
Berberine,PD-173955,No
Berberine,PIK-93,No
Berberine,Piperaquine,No
Berberine,Proguanil,Yes
Berberine,Pyronaridine,No
Berberine,Quinidine,No
Berberine,Quisinostat,Yes
Berberine,Rifampicin,No
Berberine,Sulfadoxine,No
Berberine,Tafenoquine,No
Berberine,Torin-1,No
Berberine,Trichostatin A,No
Berberine,WAY-600,No
Berberine,ZSTK-474,No
BIX-01294,Carfilzomib,No
BIX-01294,Chloroquine,No
BIX-01294,Clindamycin,No
BIX-01294,CUDC-907,No
BIX-01294,Cycloheximide,No
BIX-01294,Decoquinate,No
BIX-01294,Doxycycline,No
BIX-01294,Emetine,Yes
BIX-01294,Febrifugine,No
BIX-01294,Genz-669178,No
BIX-01294,Gramicidin,No
BIX-01294,GSK-2126458,No
BIX-01294,GSK-615,No
BIX-01294,Halofantrine,No
BIX-01294,INK-128,No
BIX-01294,KN-62,No
BIX-01294,Leptomycin B,No
BIX-01294,Lumefantrine,Yes
BIX-01294,Mefloquine,No
BIX-01294,Methotrexate,No
BIX-01294,Methylene blue,No
BIX-01294,Methylrosaniline chloride,No
BIX-01294,Midostaurin,No
BIX-01294,ML238,No
BIX-01294,Monensin sodium salt,No
BIX-01294,Nanchangmycin,Yes
BIX-01294,Nilotinib,No
BIX-01294,NITD609,No
BIX-01294,NVP-AUY922,No
BIX-01294,NVP-BGT226,No
BIX-01294,Panobinostat,No
BIX-01294,PD-173955,No
BIX-01294,PIK-93,No
BIX-01294,Piperaquine,No
BIX-01294,Proguanil,No
BIX-01294,Pyronaridine,No
BIX-01294,Quinidine,Yes
BIX-01294,Quisinostat,No
BIX-01294,Rifampicin,Yes
BIX-01294,Sulfadoxine,No
BIX-01294,Tafenoquine,No
BIX-01294,Torin-1,No
BIX-01294,Trichostatin A,No
BIX-01294,WAY-600,No
BIX-01294,ZSTK-474,No
Carfilzomib,Chloroquine,No
Carfilzomib,Clindamycin,No
Carfilzomib,CUDC-907,No
Carfilzomib,Cycloheximide,No
Carfilzomib,Decoquinate,No
Carfilzomib,Doxycycline,No
Carfilzomib,Emetine,No
Carfilzomib,Febrifugine,No
Carfilzomib,Genz-669178,No
Carfilzomib,Gramicidin,No
Carfilzomib,GSK-2126458,No
Carfilzomib,GSK-615,No
Carfilzomib,Halofantrine,No
Carfilzomib,INK-128,Yes
Carfilzomib,KN-62,No
Carfilzomib,Leptomycin B,No
Carfilzomib,Lumefantrine,No
Carfilzomib,Mefloquine,No
Carfilzomib,Methotrexate,No
Carfilzomib,Methylene blue,No
Carfilzomib,Methylrosaniline chloride,No
Carfilzomib,Midostaurin,No
Carfilzomib,ML238,Yes
Carfilzomib,Monensin sodium salt,No
Carfilzomib,Nanchangmycin,No
Carfilzomib,Nilotinib,No
Carfilzomib,NITD609,No
Carfilzomib,NVP-AUY922,No
Carfilzomib,NVP-BGT226,No
Carfilzomib,Panobinostat,Yes
Carfilzomib,PD-173955,No
Carfilzomib,PIK-93,No
Carfilzomib,Piperaquine,No
Carfilzomib,Proguanil,No
Carfilzomib,Pyronaridine,No
Carfilzomib,Quinidine,No
Carfilzomib,Quisinostat,No
Carfilzomib,Rifampicin,No
Carfilzomib,Sulfadoxine,No
Carfilzomib,Tafenoquine,No
Carfilzomib,Torin-1,No
Carfilzomib,Trichostatin A,No
Carfilzomib,WAY-600,No
Carfilzomib,ZSTK-474,No
Chloroquine,Clindamycin,No
Chloroquine,CUDC-907,No
Chloroquine,Cycloheximide,No
Chloroquine,Decoquinate,No
Chloroquine,Doxycycline,No
Chloroquine,Emetine,No
Chloroquine,Febrifugine,No
Chloroquine,Genz-669178,No
Chloroquine,Gramicidin,No
Chloroquine,GSK-2126458,No
Chloroquine,GSK-615,No
Chloroquine,Halofantrine,No
Chloroquine,INK-128,No
Chloroquine,KN-62,No
Chloroquine,Leptomycin B,No
Chloroquine,Lumefantrine,No
Chloroquine,Mefloquine,No
Chloroquine,Methotrexate,No
Chloroquine,Methylene blue,No
Chloroquine,Methylrosaniline chloride,No
Chloroquine,Midostaurin,No
Chloroquine,ML238,No
Chloroquine,Monensin sodium salt,No
Chloroquine,Nanchangmycin,No
Chloroquine,Nilotinib,No
Chloroquine,NITD609,No
Chloroquine,NVP-AUY922,No
Chloroquine,NVP-BGT226,No
Chloroquine,Panobinostat,No
Chloroquine,PD-173955,No
Chloroquine,PIK-93,No
Chloroquine,Piperaquine,No
Chloroquine,Proguanil,No
Chloroquine,Pyronaridine,No
Chloroquine,Quinidine,No
Chloroquine,Quisinostat,No
Chloroquine,Rifampicin,No
Chloroquine,Sulfadoxine,No
Chloroquine,Tafenoquine,No
Chloroquine,Torin-1,No
Chloroquine,Trichostatin A,No
Chloroquine,WAY-600,No
Chloroquine,ZSTK-474,No
Clindamycin,CUDC-907,Yes
Clindamycin,Cycloheximide,No
Clindamycin,Decoquinate,No
Clindamycin,Doxycycline,Yes
Clindamycin,Emetine,Yes
Clindamycin,Febrifugine,Yes
Clindamycin,Genz-669178,No
Clindamycin,Gramicidin,Yes
Clindamycin,GSK-2126458,No
Clindamycin,GSK-615,No
Clindamycin,Halofantrine,Yes
Clindamycin,INK-128,Yes
Clindamycin,KN-62,Yes
Clindamycin,Leptomycin B,No
Clindamycin,Lumefantrine,Yes
Clindamycin,Mefloquine,Yes
Clindamycin,Methotrexate,Yes
Clindamycin,Methylene blue,Yes
Clindamycin,Methylrosaniline chloride,No
Clindamycin,Midostaurin,Yes
Clindamycin,ML238,No
Clindamycin,Monensin sodium salt,No
Clindamycin,Nanchangmycin,No
Clindamycin,Nilotinib,No
Clindamycin,NITD609,No
Clindamycin,NVP-AUY922,Yes
Clindamycin,NVP-BGT226,Yes
Clindamycin,Panobinostat,Yes
Clindamycin,PD-173955,No
Clindamycin,PIK-93,No
Clindamycin,Piperaquine,No
Clindamycin,Proguanil,Yes
Clindamycin,Pyronaridine,No
Clindamycin,Quinidine,No
Clindamycin,Quisinostat,Yes
Clindamycin,Rifampicin,Yes
Clindamycin,Sulfadoxine,No
Clindamycin,Tafenoquine,Yes
Clindamycin,Torin-1,Yes
Clindamycin,Trichostatin A,No
Clindamycin,WAY-600,No
Clindamycin,ZSTK-474,No
CUDC-907,Cycloheximide,No
CUDC-907,Decoquinate,Yes
CUDC-907,Doxycycline,No
CUDC-907,Emetine,No
CUDC-907,Febrifugine,No
CUDC-907,Genz-669178,No
CUDC-907,Gramicidin,Yes
CUDC-907,GSK-2126458,No
CUDC-907,GSK-615,No
CUDC-907,Halofantrine,No
CUDC-907,INK-128,No
CUDC-907,KN-62,No
CUDC-907,Leptomycin B,No
CUDC-907,Lumefantrine,No
CUDC-907,Mefloquine,No
CUDC-907,Methotrexate,No
CUDC-907,Methylene blue,No
CUDC-907,Methylrosaniline chloride,Yes
CUDC-907,Midostaurin,No
CUDC-907,ML238,Yes
CUDC-907,Monensin sodium salt,Yes
CUDC-907,Nanchangmycin,Yes
CUDC-907,Nilotinib,No
CUDC-907,NITD609,No
CUDC-907,NVP-AUY922,No
CUDC-907,NVP-BGT226,Yes
CUDC-907,Panobinostat,No
CUDC-907,PD-173955,No
CUDC-907,PIK-93,No
CUDC-907,Piperaquine,No
CUDC-907,Proguanil,No
CUDC-907,Pyronaridine,No
CUDC-907,Quinidine,No
CUDC-907,Quisinostat,Yes
CUDC-907,Rifampicin,No
CUDC-907,Sulfadoxine,No
CUDC-907,Tafenoquine,No
CUDC-907,Torin-1,No
CUDC-907,Trichostatin A,No
CUDC-907,WAY-600,No
CUDC-907,ZSTK-474,No
Cycloheximide,Decoquinate,No
Cycloheximide,Doxycycline,No
Cycloheximide,Emetine,No
Cycloheximide,Febrifugine,No
Cycloheximide,Genz-669178,No
Cycloheximide,Gramicidin,Yes
Cycloheximide,GSK-2126458,No
Cycloheximide,GSK-615,No
Cycloheximide,Halofantrine,Yes
Cycloheximide,INK-128,Yes
Cycloheximide,KN-62,No
Cycloheximide,Leptomycin B,No
Cycloheximide,Lumefantrine,No
Cycloheximide,Mefloquine,No
Cycloheximide,Methotrexate,Yes
Cycloheximide,Methylene blue,No
Cycloheximide,Methylrosaniline chloride,No
Cycloheximide,Midostaurin,No
Cycloheximide,ML238,No
Cycloheximide,Monensin sodium salt,No
Cycloheximide,Nanchangmycin,No
Cycloheximide,Nilotinib,No
Cycloheximide,NITD609,No
Cycloheximide,NVP-AUY922,No
Cycloheximide,NVP-BGT226,No
Cycloheximide,Panobinostat,No
Cycloheximide,PD-173955,No
Cycloheximide,PIK-93,No
Cycloheximide,Piperaquine,No
Cycloheximide,Proguanil,No
Cycloheximide,Pyronaridine,No
Cycloheximide,Quinidine,No
Cycloheximide,Quisinostat,No
Cycloheximide,Rifampicin,No
Cycloheximide,Sulfadoxine,No
Cycloheximide,Tafenoquine,Yes
Cycloheximide,Torin-1,No
Cycloheximide,Trichostatin A,No
Cycloheximide,WAY-600,No
Cycloheximide,ZSTK-474,No
Decoquinate,Doxycycline,Yes
Decoquinate,Emetine,Yes
Decoquinate,Febrifugine,No
Decoquinate,Genz-669178,Yes
Decoquinate,Gramicidin,No
Decoquinate,GSK-2126458,No
Decoquinate,GSK-615,No
Decoquinate,Halofantrine,No
Decoquinate,INK-128,No
Decoquinate,KN-62,No
Decoquinate,Leptomycin B,No
Decoquinate,Lumefantrine,No
Decoquinate,Mefloquine,No
Decoquinate,Methotrexate,No
Decoquinate,Methylene blue,No
Decoquinate,Methylrosaniline chloride,Yes
Decoquinate,Midostaurin,No
Decoquinate,ML238,No
Decoquinate,Monensin sodium salt,No
Decoquinate,Nanchangmycin,No
Decoquinate,Nilotinib,No
Decoquinate,NITD609,No
Decoquinate,NVP-AUY922,No
Decoquinate,NVP-BGT226,No
Decoquinate,Panobinostat,No
Decoquinate,PD-173955,No
Decoquinate,PIK-93,No
Decoquinate,Piperaquine,No
Decoquinate,Proguanil,Yes
Decoquinate,Pyronaridine,No
Decoquinate,Quinidine,No
Decoquinate,Quisinostat,Yes
Decoquinate,Rifampicin,Yes
Decoquinate,Sulfadoxine,Yes
Decoquinate,Tafenoquine,Yes
Decoquinate,Torin-1,No
Decoquinate,Trichostatin A,No
Decoquinate,WAY-600,Yes
Decoquinate,ZSTK-474,Yes
Doxycycline,Emetine,No
Doxycycline,Febrifugine,No
Doxycycline,Genz-669178,No
Doxycycline,Gramicidin,No
Doxycycline,GSK-2126458,No
Doxycycline,GSK-615,No
Doxycycline,Halofantrine,Yes
Doxycycline,INK-128,No
Doxycycline,KN-62,No
Doxycycline,Leptomycin B,No
Doxycycline,Lumefantrine,No
Doxycycline,Mefloquine,Yes
Doxycycline,Methotrexate,No
Doxycycline,Methylene blue,No
Doxycycline,Methylrosaniline chloride,No
Doxycycline,Midostaurin,No
Doxycycline,ML238,Yes
Doxycycline,Monensin sodium salt,No
Doxycycline,Nanchangmycin,No
Doxycycline,Nilotinib,No
Doxycycline,NITD609,No
Doxycycline,NVP-AUY922,No
Doxycycline,NVP-BGT226,No
Doxycycline,Panobinostat,No
Doxycycline,PD-173955,No
Doxycycline,PIK-93,No
Doxycycline,Piperaquine,No
Doxycycline,Proguanil,Yes
Doxycycline,Pyronaridine,No
Doxycycline,Quinidine,No
Doxycycline,Quisinostat,No
Doxycycline,Rifampicin,No
Doxycycline,Sulfadoxine,No
Doxycycline,Tafenoquine,No
Doxycycline,Torin-1,No
Doxycycline,Trichostatin A,No
Doxycycline,WAY-600,No
Doxycycline,ZSTK-474,No
Emetine,Febrifugine,No
Emetine,Genz-669178,Yes
Emetine,Gramicidin,Yes
Emetine,GSK-2126458,No
Emetine,GSK-615,No
Emetine,Halofantrine,No
Emetine,INK-128,No
Emetine,KN-62,No
Emetine,Leptomycin B,No
Emetine,Lumefantrine,No
Emetine,Mefloquine,Yes
Emetine,Methotrexate,No
Emetine,Methylene blue,No
Emetine,Methylrosaniline chloride,No
Emetine,Midostaurin,No
Emetine,ML238,No
Emetine,Monensin sodium salt,No
Emetine,Nanchangmycin,No
Emetine,Nilotinib,No
Emetine,NITD609,No
Emetine,NVP-AUY922,No
Emetine,NVP-BGT226,No
Emetine,Panobinostat,No
Emetine,PD-173955,No
Emetine,PIK-93,Yes
Emetine,Piperaquine,No
Emetine,Proguanil,No
Emetine,Pyronaridine,No
Emetine,Quinidine,No
Emetine,Quisinostat,No
Emetine,Rifampicin,No
Emetine,Sulfadoxine,No
Emetine,Tafenoquine,Yes
Emetine,Torin-1,No
Emetine,Trichostatin A,No
Emetine,WAY-600,No
Emetine,ZSTK-474,No
Febrifugine,Genz-669178,No
Febrifugine,Gramicidin,Yes
Febrifugine,GSK-2126458,No
Febrifugine,GSK-615,No
Febrifugine,Halofantrine,No
Febrifugine,INK-128,No
Febrifugine,KN-62,No
Febrifugine,Leptomycin B,No
Febrifugine,Lumefantrine,Yes
Febrifugine,Mefloquine,No
Febrifugine,Methotrexate,No
Febrifugine,Methylene blue,No
Febrifugine,Methylrosaniline chloride,Yes
Febrifugine,Midostaurin,No
Febrifugine,ML238,No
Febrifugine,Monensin sodium salt,No
Febrifugine,Nanchangmycin,Yes
Febrifugine,Nilotinib,No
Febrifugine,NITD609,No
Febrifugine,NVP-AUY922,No
Febrifugine,NVP-BGT226,No
Febrifugine,Panobinostat,No
Febrifugine,PD-173955,No
Febrifugine,PIK-93,No
Febrifugine,Piperaquine,No
Febrifugine,Proguanil,No
Febrifugine,Pyronaridine,No
Febrifugine,Quinidine,No
Febrifugine,Quisinostat,No
Febrifugine,Rifampicin,No
Febrifugine,Sulfadoxine,No
Febrifugine,Tafenoquine,No
Febrifugine,Torin-1,No
Febrifugine,Trichostatin A,No
Febrifugine,WAY-600,No
Febrifugine,ZSTK-474,No
Genz-669178,Gramicidin,Yes
Genz-669178,GSK-2126458,No
Genz-669178,GSK-615,No
Genz-669178,Halofantrine,No
Genz-669178,INK-128,No
Genz-669178,KN-62,No
Genz-669178,Leptomycin B,No
Genz-669178,Lumefantrine,No
Genz-669178,Mefloquine,Yes
Genz-669178,Methotrexate,No
Genz-669178,Methylene blue,No
Genz-669178,Methylrosaniline chloride,No
Genz-669178,Midostaurin,No
Genz-669178,ML238,No
Genz-669178,Monensin sodium salt,No
Genz-669178,Nanchangmycin,No
Genz-669178,Nilotinib,No
Genz-669178,NITD609,No
Genz-669178,NVP-AUY922,Yes
Genz-669178,NVP-BGT226,No
Genz-669178,Panobinostat,No
Genz-669178,PD-173955,No
Genz-669178,PIK-93,No
Genz-669178,Piperaquine,No
Genz-669178,Proguanil,Yes
Genz-669178,Pyronaridine,No
Genz-669178,Quinidine,No
Genz-669178,Quisinostat,Yes
Genz-669178,Rifampicin,Yes
Genz-669178,Sulfadoxine,No
Genz-669178,Tafenoquine,Yes
Genz-669178,Torin-1,No
Genz-669178,Trichostatin A,No
Genz-669178,WAY-600,No
Genz-669178,ZSTK-474,No
Gramicidin,GSK-2126458,No
Gramicidin,GSK-615,No
Gramicidin,Halofantrine,Yes
Gramicidin,INK-128,No
Gramicidin,KN-62,Yes
Gramicidin,Leptomycin B,Yes
Gramicidin,Lumefantrine,No
Gramicidin,Mefloquine,Yes
Gramicidin,Methotrexate,Yes
Gramicidin,Methylene blue,No
Gramicidin,Methylrosaniline chloride,No
Gramicidin,Midostaurin,No
Gramicidin,ML238,No
Gramicidin,Monensin sodium salt,No
Gramicidin,Nanchangmycin,No
Gramicidin,Nilotinib,No
Gramicidin,NITD609,Yes
Gramicidin,NVP-AUY922,Yes
Gramicidin,NVP-BGT226,No
Gramicidin,Panobinostat,Yes
Gramicidin,PD-173955,No
Gramicidin,PIK-93,Yes
Gramicidin,Piperaquine,No
Gramicidin,Proguanil,No
Gramicidin,Pyronaridine,No
Gramicidin,Quinidine,No
Gramicidin,Quisinostat,Yes
Gramicidin,Rifampicin,No
Gramicidin,Sulfadoxine,No
Gramicidin,Tafenoquine,Yes
Gramicidin,Torin-1,No
Gramicidin,Trichostatin A,No
Gramicidin,WAY-600,No
Gramicidin,ZSTK-474,No
GSK-2126458,GSK-615,No
GSK-2126458,Halofantrine,Yes
GSK-2126458,INK-128,No
GSK-2126458,KN-62,No
GSK-2126458,Leptomycin B,No
GSK-2126458,Lumefantrine,No
GSK-2126458,Mefloquine,No
GSK-2126458,Methotrexate,No
GSK-2126458,Methylene blue,Yes
GSK-2126458,Methylrosaniline chloride,No
GSK-2126458,Midostaurin,No
GSK-2126458,ML238,No
GSK-2126458,Monensin sodium salt,No
GSK-2126458,Nanchangmycin,Yes
GSK-2126458,Nilotinib,No
GSK-2126458,NITD609,No
GSK-2126458,NVP-AUY922,No
GSK-2126458,NVP-BGT226,No
GSK-2126458,Panobinostat,No
GSK-2126458,PD-173955,No
GSK-2126458,PIK-93,No
GSK-2126458,Piperaquine,No
GSK-2126458,Proguanil,No
GSK-2126458,Pyronaridine,No
GSK-2126458,Quinidine,No
GSK-2126458,Quisinostat,No
GSK-2126458,Rifampicin,No
GSK-2126458,Sulfadoxine,No
GSK-2126458,Tafenoquine,No
GSK-2126458,Torin-1,No
GSK-2126458,Trichostatin A,No
GSK-2126458,WAY-600,No
GSK-2126458,ZSTK-474,No
GSK-615,Halofantrine,Yes
GSK-615,INK-128,No
GSK-615,KN-62,No
GSK-615,Leptomycin B,No
GSK-615,Lumefantrine,No
GSK-615,Mefloquine,No
GSK-615,Methotrexate,No
GSK-615,Methylene blue,Yes
GSK-615,Methylrosaniline chloride,No
GSK-615,Midostaurin,No
GSK-615,ML238,No
GSK-615,Monensin sodium salt,No
GSK-615,Nanchangmycin,Yes
GSK-615,Nilotinib,No
GSK-615,NITD609,No
GSK-615,NVP-AUY922,No
GSK-615,NVP-BGT226,No
GSK-615,Panobinostat,No
GSK-615,PD-173955,Yes
GSK-615,PIK-93,No
GSK-615,Piperaquine,No
GSK-615,Proguanil,No
GSK-615,Pyronaridine,No
GSK-615,Quinidine,No
GSK-615,Quisinostat,No
GSK-615,Rifampicin,No
GSK-615,Sulfadoxine,No
GSK-615,Tafenoquine,No
GSK-615,Torin-1,No
GSK-615,Trichostatin A,No
GSK-615,WAY-600,No
GSK-615,ZSTK-474,No
Halofantrine,INK-128,No
Halofantrine,KN-62,Yes
Halofantrine,Leptomycin B,No
Halofantrine,Lumefantrine,Yes
Halofantrine,Mefloquine,Yes
Halofantrine,Methotrexate,No
Halofantrine,Methylene blue,Yes
Halofantrine,Methylrosaniline chloride,No
Halofantrine,Midostaurin,Yes
Halofantrine,ML238,Yes
Halofantrine,Monensin sodium salt,No
Halofantrine,Nanchangmycin,Yes
Halofantrine,Nilotinib,No
Halofantrine,NITD609,No
Halofantrine,NVP-AUY922,Yes
Halofantrine,NVP-BGT226,No
Halofantrine,Panobinostat,Yes
Halofantrine,PD-173955,Yes
Halofantrine,PIK-93,No
Halofantrine,Piperaquine,No
Halofantrine,Proguanil,Yes
Halofantrine,Pyronaridine,No
Halofantrine,Quinidine,No
Halofantrine,Quisinostat,Yes
Halofantrine,Rifampicin,Yes
Halofantrine,Sulfadoxine,No
Halofantrine,Tafenoquine,Yes
Halofantrine,Torin-1,No
Halofantrine,Trichostatin A,No
Halofantrine,WAY-600,Yes
Halofantrine,ZSTK-474,No
INK-128,KN-62,No
INK-128,Leptomycin B,No
INK-128,Lumefantrine,No
INK-128,Mefloquine,No
INK-128,Methotrexate,No
INK-128,Methylene blue,No
INK-128,Methylrosaniline chloride,No
INK-128,Midostaurin,No
INK-128,ML238,Yes
INK-128,Monensin sodium salt,No
INK-128,Nanchangmycin,No
INK-128,Nilotinib,No
INK-128,NITD609,No
INK-128,NVP-AUY922,No
INK-128,NVP-BGT226,Yes
INK-128,Panobinostat,No
INK-128,PD-173955,Yes
INK-128,PIK-93,No
INK-128,Piperaquine,No
INK-128,Proguanil,No
INK-128,Pyronaridine,No
INK-128,Quinidine,No
INK-128,Quisinostat,No
INK-128,Rifampicin,No
INK-128,Sulfadoxine,No
INK-128,Tafenoquine,No
INK-128,Torin-1,No
INK-128,Trichostatin A,No
INK-128,WAY-600,No
INK-128,ZSTK-474,Yes
KN-62,Leptomycin B,No
KN-62,Lumefantrine,Yes
KN-62,Mefloquine,Yes
KN-62,Methotrexate,No
KN-62,Methylene blue,Yes
KN-62,Methylrosaniline chloride,No
KN-62,Midostaurin,No
KN-62,ML238,No
KN-62,Monensin sodium salt,Yes
KN-62,Nanchangmycin,No
KN-62,Nilotinib,No
KN-62,NITD609,No
KN-62,NVP-AUY922,No
KN-62,NVP-BGT226,No
KN-62,Panobinostat,No
KN-62,PD-173955,No
KN-62,PIK-93,No
KN-62,Piperaquine,No
KN-62,Proguanil,No
KN-62,Pyronaridine,No
KN-62,Quinidine,Yes
KN-62,Quisinostat,Yes
KN-62,Rifampicin,No
KN-62,Sulfadoxine,No
KN-62,Tafenoquine,Yes
KN-62,Torin-1,No
KN-62,Trichostatin A,No
KN-62,WAY-600,Yes
KN-62,ZSTK-474,No
Leptomycin B,Lumefantrine,No
Leptomycin B,Mefloquine,No
Leptomycin B,Methotrexate,No
Leptomycin B,Methylene blue,No
Leptomycin B,Methylrosaniline chloride,No
Leptomycin B,Midostaurin,No
Leptomycin B,ML238,Yes
Leptomycin B,Monensin sodium salt,No
Leptomycin B,Nanchangmycin,No
Leptomycin B,Nilotinib,No
Leptomycin B,NITD609,No
Leptomycin B,NVP-AUY922,No
Leptomycin B,NVP-BGT226,No
Leptomycin B,Panobinostat,No
Leptomycin B,PD-173955,No
Leptomycin B,PIK-93,No
Leptomycin B,Piperaquine,No
Leptomycin B,Proguanil,No
Leptomycin B,Pyronaridine,No
Leptomycin B,Quinidine,No
Leptomycin B,Quisinostat,No
Leptomycin B,Rifampicin,No
Leptomycin B,Sulfadoxine,No
Leptomycin B,Tafenoquine,No
Leptomycin B,Torin-1,No
Leptomycin B,Trichostatin A,No
Leptomycin B,WAY-600,No
Leptomycin B,ZSTK-474,No
Lumefantrine,Mefloquine,Yes
Lumefantrine,Methotrexate,No
Lumefantrine,Methylene blue,Yes
Lumefantrine,Methylrosaniline chloride,No
Lumefantrine,Midostaurin,Yes
Lumefantrine,ML238,Yes
Lumefantrine,Monensin sodium salt,No
Lumefantrine,Nanchangmycin,Yes
Lumefantrine,Nilotinib,No
Lumefantrine,NITD609,No
Lumefantrine,NVP-AUY922,No
Lumefantrine,NVP-BGT226,No
Lumefantrine,Panobinostat,Yes
Lumefantrine,PD-173955,No
Lumefantrine,PIK-93,No
Lumefantrine,Piperaquine,No
Lumefantrine,Proguanil,No
Lumefantrine,Pyronaridine,No
Lumefantrine,Quinidine,No
Lumefantrine,Quisinostat,Yes
Lumefantrine,Rifampicin,Yes
Lumefantrine,Sulfadoxine,No
Lumefantrine,Tafenoquine,Yes
Lumefantrine,Torin-1,No
Lumefantrine,Trichostatin A,No
Lumefantrine,WAY-600,No
Lumefantrine,ZSTK-474,No
Mefloquine,Methotrexate,No
Mefloquine,Methylene blue,No
Mefloquine,Methylrosaniline chloride,No
Mefloquine,Midostaurin,Yes
Mefloquine,ML238,Yes
Mefloquine,Monensin sodium salt,Yes
Mefloquine,Nanchangmycin,No
Mefloquine,Nilotinib,No
Mefloquine,NITD609,No
Mefloquine,NVP-AUY922,No
Mefloquine,NVP-BGT226,No
Mefloquine,Panobinostat,No
Mefloquine,PD-173955,No
Mefloquine,PIK-93,No
Mefloquine,Piperaquine,No
Mefloquine,Proguanil,Yes
Mefloquine,Pyronaridine,No
Mefloquine,Quinidine,Yes
Mefloquine,Quisinostat,Yes
Mefloquine,Rifampicin,Yes
Mefloquine,Sulfadoxine,No
Mefloquine,Tafenoquine,Yes
Mefloquine,Torin-1,No
Mefloquine,Trichostatin A,No
Mefloquine,WAY-600,No
Mefloquine,ZSTK-474,No
Methotrexate,Methylene blue,Yes
Methotrexate,Methylrosaniline chloride,No
Methotrexate,Midostaurin,No
Methotrexate,ML238,No
Methotrexate,Monensin sodium salt,No
Methotrexate,Nanchangmycin,Yes
Methotrexate,Nilotinib,No
Methotrexate,NITD609,No
Methotrexate,NVP-AUY922,No
Methotrexate,NVP-BGT226,No
Methotrexate,Panobinostat,No
Methotrexate,PD-173955,No
Methotrexate,PIK-93,No
Methotrexate,Piperaquine,No
Methotrexate,Proguanil,No
Methotrexate,Pyronaridine,No
Methotrexate,Quinidine,No
Methotrexate,Quisinostat,Yes
Methotrexate,Rifampicin,No
Methotrexate,Sulfadoxine,No
Methotrexate,Tafenoquine,No
Methotrexate,Torin-1,No
Methotrexate,Trichostatin A,No
Methotrexate,WAY-600,No
Methotrexate,ZSTK-474,No
Methylene blue,Methylrosaniline chloride,No
Methylene blue,Midostaurin,Yes
Methylene blue,ML238,Yes
Methylene blue,Monensin sodium salt,No
Methylene blue,Nanchangmycin,No
Methylene blue,Nilotinib,No
Methylene blue,NITD609,No
Methylene blue,NVP-AUY922,No
Methylene blue,NVP-BGT226,No
Methylene blue,Panobinostat,No
Methylene blue,PD-173955,No
Methylene blue,PIK-93,No
Methylene blue,Piperaquine,No
Methylene blue,Proguanil,No
Methylene blue,Pyronaridine,No
Methylene blue,Quinidine,Yes
Methylene blue,Quisinostat,Yes
Methylene blue,Rifampicin,Yes
Methylene blue,Sulfadoxine,Yes
Methylene blue,Tafenoquine,Yes
Methylene blue,Torin-1,No
Methylene blue,Trichostatin A,No
Methylene blue,WAY-600,No
Methylene blue,ZSTK-474,Yes
Methylrosaniline chloride,Midostaurin,No
Methylrosaniline chloride,ML238,Yes
Methylrosaniline chloride,Monensin sodium salt,No
Methylrosaniline chloride,Nanchangmycin,Yes
Methylrosaniline chloride,Nilotinib,No
Methylrosaniline chloride,NITD609,No
Methylrosaniline chloride,NVP-AUY922,No
Methylrosaniline chloride,NVP-BGT226,No
Methylrosaniline chloride,Panobinostat,No
Methylrosaniline chloride,PD-173955,No
Methylrosaniline chloride,PIK-93,No
Methylrosaniline chloride,Piperaquine,No
Methylrosaniline chloride,Proguanil,No
Methylrosaniline chloride,Pyronaridine,No
Methylrosaniline chloride,Quinidine,No
Methylrosaniline chloride,Quisinostat,No
Methylrosaniline chloride,Rifampicin,No
Methylrosaniline chloride,Sulfadoxine,No
Methylrosaniline chloride,Tafenoquine,No
Methylrosaniline chloride,Torin-1,No
Methylrosaniline chloride,Trichostatin A,No
Methylrosaniline chloride,WAY-600,No
Methylrosaniline chloride,ZSTK-474,No
Midostaurin,ML238,No
Midostaurin,Monensin sodium salt,No
Midostaurin,Nanchangmycin,No
Midostaurin,Nilotinib,No
Midostaurin,NITD609,No
Midostaurin,NVP-AUY922,No
Midostaurin,NVP-BGT226,No
Midostaurin,Panobinostat,No
Midostaurin,PD-173955,No
Midostaurin,PIK-93,No
Midostaurin,Piperaquine,No
Midostaurin,Proguanil,No
Midostaurin,Pyronaridine,No
Midostaurin,Quinidine,No
Midostaurin,Quisinostat,No
Midostaurin,Rifampicin,No
Midostaurin,Sulfadoxine,No
Midostaurin,Tafenoquine,Yes
Midostaurin,Torin-1,No
Midostaurin,Trichostatin A,No
Midostaurin,WAY-600,No
Midostaurin,ZSTK-474,No
ML238,Monensin sodium salt,No
ML238,Nanchangmycin,Yes
ML238,Nilotinib,No
ML238,NITD609,No
ML238,NVP-AUY922,No
ML238,NVP-BGT226,No
ML238,Panobinostat,No
ML238,PD-173955,No
ML238,PIK-93,No
ML238,Piperaquine,Yes
ML238,Proguanil,Yes
ML238,Pyronaridine,No
ML238,Quinidine,Yes
ML238,Quisinostat,Yes
ML238,Rifampicin,Yes
ML238,Sulfadoxine,No
ML238,Tafenoquine,Yes
ML238,Torin-1,No
ML238,Trichostatin A,No
ML238,WAY-600,No
ML238,ZSTK-474,No
Monensin sodium salt,Nanchangmycin,No
Monensin sodium salt,Nilotinib,No
Monensin sodium salt,NITD609,No
Monensin sodium salt,NVP-AUY922,No
Monensin sodium salt,NVP-BGT226,No
Monensin sodium salt,Panobinostat,No
Monensin sodium salt,PD-173955,No
Monensin sodium salt,PIK-93,No
Monensin sodium salt,Piperaquine,No
Monensin sodium salt,Proguanil,Yes
Monensin sodium salt,Pyronaridine,No
Monensin sodium salt,Quinidine,No
Monensin sodium salt,Quisinostat,No
Monensin sodium salt,Rifampicin,Yes
Monensin sodium salt,Sulfadoxine,No
Monensin sodium salt,Tafenoquine,Yes
Monensin sodium salt,Torin-1,No
Monensin sodium salt,Trichostatin A,No
Monensin sodium salt,WAY-600,No
Monensin sodium salt,ZSTK-474,No
Nanchangmycin,Nilotinib,No
Nanchangmycin,NITD609,No
Nanchangmycin,NVP-AUY922,Yes
Nanchangmycin,NVP-BGT226,No
Nanchangmycin,Panobinostat,No
Nanchangmycin,PD-173955,Yes
Nanchangmycin,PIK-93,No
Nanchangmycin,Piperaquine,No
Nanchangmycin,Proguanil,No
Nanchangmycin,Pyronaridine,No
Nanchangmycin,Quinidine,No
Nanchangmycin,Quisinostat,No
Nanchangmycin,Rifampicin,Yes
Nanchangmycin,Sulfadoxine,No
Nanchangmycin,Tafenoquine,No
Nanchangmycin,Torin-1,Yes
Nanchangmycin,Trichostatin A,No
Nanchangmycin,WAY-600,No
Nanchangmycin,ZSTK-474,Yes
Nilotinib,NITD609,No
Nilotinib,NVP-AUY922,No
Nilotinib,NVP-BGT226,No
Nilotinib,Panobinostat,No
Nilotinib,PD-173955,No
Nilotinib,PIK-93,No
Nilotinib,Piperaquine,No
Nilotinib,Proguanil,No
Nilotinib,Pyronaridine,No
Nilotinib,Quinidine,No
Nilotinib,Quisinostat,No
Nilotinib,Rifampicin,No
Nilotinib,Sulfadoxine,No
Nilotinib,Tafenoquine,No
Nilotinib,Torin-1,No
Nilotinib,Trichostatin A,No
Nilotinib,WAY-600,No
Nilotinib,ZSTK-474,No
NITD609,NVP-AUY922,No
NITD609,NVP-BGT226,No
NITD609,Panobinostat,No
NITD609,PD-173955,No
NITD609,PIK-93,No
NITD609,Piperaquine,No
NITD609,Proguanil,No
NITD609,Pyronaridine,No
NITD609,Quinidine,No
NITD609,Quisinostat,No
NITD609,Rifampicin,No
NITD609,Sulfadoxine,No
NITD609,Tafenoquine,Yes
NITD609,Torin-1,No
NITD609,Trichostatin A,No
NITD609,WAY-600,No
NITD609,ZSTK-474,No
NVP-AUY922,NVP-BGT226,No
NVP-AUY922,Panobinostat,No
NVP-AUY922,PD-173955,No
NVP-AUY922,PIK-93,No
NVP-AUY922,Piperaquine,No
NVP-AUY922,Proguanil,No
NVP-AUY922,Pyronaridine,No
NVP-AUY922,Quinidine,No
NVP-AUY922,Quisinostat,Yes
NVP-AUY922,Rifampicin,No
NVP-AUY922,Sulfadoxine,No
NVP-AUY922,Tafenoquine,Yes
NVP-AUY922,Torin-1,No
NVP-AUY922,Trichostatin A,No
NVP-AUY922,WAY-600,No
NVP-AUY922,ZSTK-474,No
NVP-BGT226,Panobinostat,No
NVP-BGT226,PD-173955,No
NVP-BGT226,PIK-93,No
NVP-BGT226,Piperaquine,No
NVP-BGT226,Proguanil,No
NVP-BGT226,Pyronaridine,No
NVP-BGT226,Quinidine,No
NVP-BGT226,Quisinostat,No
NVP-BGT226,Rifampicin,No
NVP-BGT226,Sulfadoxine,No
NVP-BGT226,Tafenoquine,Yes
NVP-BGT226,Torin-1,Yes
NVP-BGT226,Trichostatin A,No
NVP-BGT226,WAY-600,No
NVP-BGT226,ZSTK-474,Yes
Panobinostat,PD-173955,No
Panobinostat,PIK-93,No
Panobinostat,Piperaquine,No
Panobinostat,Proguanil,No
Panobinostat,Pyronaridine,No
Panobinostat,Quinidine,No
Panobinostat,Quisinostat,Yes
Panobinostat,Rifampicin,No
Panobinostat,Sulfadoxine,No
Panobinostat,Tafenoquine,No
Panobinostat,Torin-1,No
Panobinostat,Trichostatin A,No
Panobinostat,WAY-600,No
Panobinostat,ZSTK-474,No
PD-173955,PIK-93,No
PD-173955,Piperaquine,No
PD-173955,Proguanil,No
PD-173955,Pyronaridine,No
PD-173955,Quinidine,No
PD-173955,Quisinostat,No
PD-173955,Rifampicin,No
PD-173955,Sulfadoxine,No
PD-173955,Tafenoquine,Yes
PD-173955,Torin-1,No
PD-173955,Trichostatin A,No
PD-173955,WAY-600,No
PD-173955,ZSTK-474,No
PIK-93,Piperaquine,No
PIK-93,Proguanil,No
PIK-93,Pyronaridine,No
PIK-93,Quinidine,No
PIK-93,Quisinostat,No
PIK-93,Rifampicin,No
PIK-93,Sulfadoxine,No
PIK-93,Tafenoquine,No
PIK-93,Torin-1,No
PIK-93,Trichostatin A,No
PIK-93,WAY-600,No
PIK-93,ZSTK-474,No
Piperaquine,Proguanil,No
Piperaquine,Pyronaridine,No
Piperaquine,Quinidine,No
Piperaquine,Quisinostat,No
Piperaquine,Rifampicin,No
Piperaquine,Sulfadoxine,No
Piperaquine,Tafenoquine,Yes
Piperaquine,Torin-1,No
Piperaquine,Trichostatin A,No
Piperaquine,WAY-600,No
Piperaquine,ZSTK-474,No
Proguanil,Pyronaridine,No
Proguanil,Quinidine,No
Proguanil,Quisinostat,Yes
Proguanil,Rifampicin,No
Proguanil,Sulfadoxine,No
Proguanil,Tafenoquine,No
Proguanil,Torin-1,No
Proguanil,Trichostatin A,No
Proguanil,WAY-600,No
Proguanil,ZSTK-474,No
Pyronaridine,Quinidine,No
Pyronaridine,Quisinostat,No
Pyronaridine,Rifampicin,No
Pyronaridine,Sulfadoxine,No
Pyronaridine,Tafenoquine,No
Pyronaridine,Torin-1,No
Pyronaridine,Trichostatin A,No
Pyronaridine,WAY-600,No
Pyronaridine,ZSTK-474,No
Quinidine,Quisinostat,No
Quinidine,Rifampicin,No
Quinidine,Sulfadoxine,No
Quinidine,Tafenoquine,No
Quinidine,Torin-1,No
Quinidine,Trichostatin A,No
Quinidine,WAY-600,No
Quinidine,ZSTK-474,No
Quisinostat,Rifampicin,No
Quisinostat,Sulfadoxine,No
Quisinostat,Tafenoquine,Yes
Quisinostat,Torin-1,No
Quisinostat,Trichostatin A,Yes
Quisinostat,WAY-600,No
Quisinostat,ZSTK-474,No
Rifampicin,Sulfadoxine,No
Rifampicin,Tafenoquine,Yes
Rifampicin,Torin-1,No
Rifampicin,Trichostatin A,No
Rifampicin,WAY-600,No
Rifampicin,ZSTK-474,No
Sulfadoxine,Tafenoquine,No
Sulfadoxine,Torin-1,No
Sulfadoxine,Trichostatin A,No
Sulfadoxine,WAY-600,No
Sulfadoxine,ZSTK-474,No
Tafenoquine,Torin-1,No
Tafenoquine,Trichostatin A,No
Tafenoquine,WAY-600,Yes
Tafenoquine,ZSTK-474,No
Torin-1,Trichostatin A,No
Torin-1,WAY-600,No
Torin-1,ZSTK-474,No
Trichostatin A,WAY-600,No
Trichostatin A,ZSTK-474,No
WAY-600,ZSTK-474,No
